,SESSION_ID,MEDIA_ID,DICOM_ID,CNT,Time (in secs),TIMETICK(f=10000000),FPOGX,FPOGY,FPOGS,FPOGD,FPOGID,FPOGV,BPOGX,BPOGY,BPOGV,LPCX,LPCY,LPD,LPS,LPV,RPCX,RPCY,RPD,RPS,RPV,BKID,BKDUR,BKPMIN,LPMM,LPMMV,RPMM,RPMMV,SACCADE_MAG,SACCADE_DIR,VID_FRAME,X_ORIGINAL,Y_ORIGINAL
40773,33,23,ab708c9d-bcd745c2-76bf2f1b-985fae1b-6add2c44,22,0.12354,72795116720.0,0.4486699999999999,0.83624,0.0,0.12353,2,1,0.4805100000000001,0.7532399999999999,1,0.14328,0.4580899999999999,21.48981,1.04968,1,0.40546,0.47768,16.95577,1.04968,1,0,0.0,18,4.25333,1,3.26161,1,280.3002,180.94049,0.0,977,2555
40774,33,23,ab708c9d-bcd745c2-76bf2f1b-985fae1b-6add2c44,39,0.21924,72796076268.0,0.51377,0.40429,0.14551,0.0737299999999999,3,1,0.50776,0.39684,1,0.14522,0.45088,20.85359,1.08257,1,0.40688,0.47063,17.36255,1.08257,1,0,0.0,18,4.22023,1,3.41612,1,482.96054,75.00092,0.0,1350,1235
40775,33,23,ab708c9d-bcd745c2-76bf2f1b-985fae1b-6add2c44,82,0.44727,72798353920.0,0.51759,0.38853,0.22021,0.22705,4,1,0.5131100000000001,0.40299,1,0.14683,0.4489899999999999,19.47915,1.04968,1,0.40833,0.46957,17.325570000000006,1.04968,1,0,0.0,18,4.16571,1,3.3062400000000003,1,18.53377,66.68835,0.0,1372,1187
40776,33,23,ab708c9d-bcd745c2-76bf2f1b-985fae1b-6add2c44,173,0.94824,72803363926.0,0.50859,0.38784,0.7441399999999999,0.2041,5,1,0.51161,0.35774,1,0.1437,0.45074,23.35131,1.08236,1,0.4062,0.46996,18.6728,1.08236,1,0,0.0,19,4.69189,1,3.6997,1,17.29603,177.53072,0.0,1321,1185
40777,33,23,ab708c9d-bcd745c2-76bf2f1b-985fae1b-6add2c44,198,1.0835,72804716638.0,0.51872,0.39425,0.9541,0.12939,6,1,0.51566,0.4309699999999999,1,0.14423,0.45048,23.07342,1.04968,1,0.40656,0.46965,18.1633,1.04968,1,0,0.0,19,4.64421,1,3.78597,1,20.64483,340.4075,0.0,1379,1204
40778,33,23,ab708c9d-bcd745c2-76bf2f1b-985fae1b-6add2c44,223,1.22363,72806116680.0,0.5097,0.42144,1.09277,0.13086,7,1,0.51065,0.38629,1,0.14329,0.45055,22.14408,1.08236,1,0.40573,0.46962,17.68323,1.08236,1,0,0.0,19,4.45616,1,3.48745,1,34.09162,239.46979,0.0,1327,1287
